{"cohort":{"market.competitor_density":{"mean":14.0,"std":0.0},"market.industry_growth_pct":{"mean":7.133333333333333,"std":1.4613540144521981},"market.rivalry_index":{"mean":0.5133333333333333,"std":0.13199326582148885},"ops.employees":{"mean":35.0,"std":0.0},"ops.locations":{"mean":2.0,"std":0.0},"ops.services_count":{"mean":6.0,"std":0.0}},"norm_stats_id":"sha256:0e318918026b81143edd92f915ddb347d2285323c9b0cd505746cf6ec3480088","schema_version":"company_schema@1.0.0"}